<?xml version="1.0" encoding="utf-8"?>
<extension version="3.1" type="plugin" group="system" method="upgrade">
	<name>plg_system_cclogin</name>
	<author>Not Web Design</author>
	<creationDate>2016</creationDate>
	<copyright>Copyright (C) 2011 Not Web Design- All rights reserved.</copyright>
	<license>http://www.gnu.org/licenses/gpl-2.0.html GNU/GPL</license>
	<authorEmail>info@notwebdesign.com</authorEmail>
	<authorUrl>http://www.notwebdesign.com</authorUrl>
	<version>1.0.9</version>
	<description>PLG_CCLOGIN_XML_DESCRIPTION</description>
	<files>
		<filename plugin="cclogin">cclogin.php</filename>
	</files>
	<languages folder="languages">
		<language tag="en-GB">en-GB/en-GB.plg_system_cclogin.ini</language>
		<language tag="en-GB">en-GB/en-GB.plg_system_cclogin.sys.ini</language>
	</languages>
</extension>
