<?xml version="1.0" encoding="utf-8"?>
<extension type="component" version="3.1" method="upgrade">
    <name>com_ccl</name>
    <creationDate>2016-12-16</creationDate>
    <copyright>2016 Component Creator</copyright>
    <license>GNU General Public License version 2 or later; see LICENSE.txt</license>
    <author>Component Creator</author>
    <authorEmail>info@component-creator.com</authorEmail>
    <authorUrl>https://www.component-creator.com</authorUrl>
    <version>1.0.9</version>
    <description/>
    <scriptfile>script.php</scriptfile>

    <install>
        <sql>
            <file driver="mysqli" charset="utf8">sql/install.mysql.utf8.sql</file>
        </sql>
    </install>
    <update>
        <sql>
            <file driver="mysqli" charset="utf8">sql/install.mysql.utf8.sql</file>
        </sql>
    </update>
    <uninstall>
        <sql>
            <file driver="mysqli" charset="utf8">sql/uninstall.mysql.utf8.sql</file>
        </sql>
    </uninstall>

    <files folder="site">
        <filename>index.html</filename>
        <filename>ccl.php</filename>
        <filename>controller.php</filename>
        <filename>router.php</filename>
        <folder>views</folder>
        <folder>models</folder>
        <folder>helpers</folder>
    </files>
    <languages folder="site/languages">
        <language tag="en-GB">en-GB/en-GB.com_ccl.ini</language>
    </languages>
    <administration>
        <menu>COM_CCL</menu>
        <files folder="administrator">
            <folder>sql</folder>
            <folder>views</folder>
            <folder>models</folder>
            <filename>index.html</filename>
            <filename>ccl.php</filename>
            <filename>controller.php</filename>
            <filename>config.xml</filename>
        </files>
        <languages folder="administrator/languages">
            <language tag="en-GB">en-GB/en-GB.com_ccl.ini</language>
            <language tag="en-GB">en-GB/en-GB.com_ccl.sys.ini</language>
        </languages>
    </administration>
</extension>
